cluster,sub_id,spend_30d,cnt,avg_ticket,cluster_total,share_30d,spend_last14,spend_prev14,trend14_pct,z_share,z_trend,z_ticket,score,cluster_weight,global_score
2,외식,2233470,108,20680.277777777777,8428710,0.26498360959150324,0.0,0.0,,2.14445707039477,0.0,-0.028844798935165863,1.0664595754103519,0.3,0.3199378726231055
2,식재료,1635290,28,58403.21428571428,8428710,0.19401426790101922,0.0,0.0,,1.30663447136321,0.0,1.9343414703495352,1.0401855297515121,0.3,0.3120556589254536
1,기타,959795,71,13518.239436619719,1870185,0.5132085863163267,115600.0,142345.0,-0.1878885805613123,3.3315180342098336,-0.7204370623407219,0.40454298003384914,1.5305364944094701,0.2,0.30610729888189403
